{
  "results": [
    {
      "state_id": null,
      "state_abbr": "",
      "year": 2015,
      "population": 320896618,
      "violent_crime": 1199310,
      "homicide": 15883,
      "rape_legacy": 91261,
      "rape_revised": 126134,
      "robbery": 328109,
      "aggravated_assault": 764057,
      "property_crime": 8024115,
      "burglary": 1587564,
      "larceny": 5723488,
      "motor_vehicle_theft": 713063,
      "arson": 44139
    },
    {
      "state_id": null,
      "state_abbr": "",
      "year": 2000,
      "population": 281421906,
      "violent_crime": 1425486,
      "homicide": 15586,
      "rape_legacy": 90178,
      "rape_revised": null,
      "robbery": 408016,
      "aggravated_assault": 911706,
      "property_crime": 10182584,
      "burglary": 2050992,
      "larceny": 6971590,
      "motor_vehicle_theft": 1160002,
      "arson": 69467
    },
    {
      "state_id": null,
      "state_abbr": "",
      "year": 1997,
      "population": 267783607,
      "violent_crime": 1636099,
      "homicide": 18211,
      "rape_legacy": 96153,
      "rape_revised": null,
      "robbery": 498534,
      "aggravated_assault": 1023201,
      "property_crime": 11558975,
      "burglary": 2461026,
      "larceny": 7743760,
      "motor_vehicle_theft": 1354189,
      "arson": 87332
    },
    {
      "state_id": null,
      "state_abbr": "",
      "year": 1998,
      "population": 270248003,
      "violent_crime": 1533887,
      "homicide": 16974,
      "rape_legacy": 93144,
      "rape_revised": null,
      "robbery": 447186,
      "aggravated_assault": 976583,
      "property_crime": 10951827,
      "burglary": 2332735,
      "larceny": 7376311,
      "motor_vehicle_theft": 1242781,
      "arson": 80428
    },
    {
      "state_id": null,
      "state_abbr": "",
      "year": 1999,
      "population": 272690813,
      "violent_crime": 1426044,
      "homicide": 15522,
      "rape_legacy": 89411,
      "rape_revised": null,
      "robbery": 409371,
      "aggravated_assault": 911740,
      "property_crime": 10208334,
      "burglary": 2100739,
      "larceny": 6955520,
      "motor_vehicle_theft": 1152075,
      "arson": 78498
    },
    {
      "state_id": null,
      "state_abbr": "",
      "year": 2001,
      "population": 285317559,
      "violent_crime": 1439480,
      "homicide": 16037,
      "rape_legacy": 90863,
      "rape_revised": null,
      "robbery": 423557,
      "aggravated_assault": 909023,
      "property_crime": 10437189,
      "burglary": 2116531,
      "larceny": 7092267,
      "motor_vehicle_theft": 1228391,
      "arson": 79040
    },
    {
      "state_id": null,
      "state_abbr": "",
      "year": 2002,
      "population": 287973924,
      "violent_crime": 1423677,
      "homicide": 16229,
      "rape_legacy": 95235,
      "rape_revised": null,
      "robbery": 420806,
      "aggravated_assault": 891407,
      "property_crime": 10455277,
      "burglary": 2151252,
      "larceny": 7057379,
      "motor_vehicle_theft": 1246646,
      "arson": 77149
    },
    {
      "state_id": null,
      "state_abbr": "",
      "year": 2003,
      "population": 290788976,
      "violent_crime": 1383676,
      "homicide": 16528,
      "rape_legacy": 93883,
      "rape_revised": null,
      "robbery": 414235,
      "aggravated_assault": 859030,
      "property_crime": 10442862,
      "burglary": 2154834,
      "larceny": 7026802,
      "motor_vehicle_theft": 1261226,
      "arson": 72812
    },
    {
      "state_id": null,
      "state_abbr": "",
      "year": 2004,
      "population": 293656842,
      "violent_crime": 1360088,
      "homicide": 16148,
      "rape_legacy": 95089,
      "rape_revised": null,
      "robbery": 401470,
      "aggravated_assault": 847381,
      "property_crime": 10319386,
      "burglary": 2144446,
      "larceny": 6937089,
      "motor_vehicle_theft": 1237851,
      "arson": 69305
    },
    {
      "state_id": null,
      "state_abbr": "",
      "year": 2005,
      "population": 296507061,
      "violent_crime": 1390745,
      "homicide": 16740,
      "rape_legacy": 94347,
      "rape_revised": null,
      "robbery": 417438,
      "aggravated_assault": 862220,
      "property_crime": 10174754,
      "burglary": 2155448,
      "larceny": 6783447,
      "motor_vehicle_theft": 1235859,
      "arson": 68514
    },
    {
      "state_id": null,
      "state_abbr": "",
      "year": 2006,
      "population": 299398484,
      "violent_crime": 1435123,
      "homicide": 17309,
      "rape_legacy": 94472,
      "rape_revised": null,
      "robbery": 449246,
      "aggravated_assault": 874096,
      "property_crime": 10019601,
      "burglary": 2194993,
      "larceny": 6626363,
      "motor_vehicle_theft": 1198245,
      "arson": 72979
    },
    {
      "state_id": null,
      "state_abbr": "",
      "year": 2007,
      "population": 301621157,
      "violent_crime": 1422970,
      "homicide": 17128,
      "rape_legacy": 92160,
      "rape_revised": null,
      "robbery": 447324,
      "aggravated_assault": 866358,
      "property_crime": 9882212,
      "burglary": 2190198,
      "larceny": 6591542,
      "motor_vehicle_theft": 1100472,
      "arson": 68101
    },
    {
      "state_id": null,
      "state_abbr": "",
      "year": 2008,
      "population": 304059724,
      "violent_crime": 1394461,
      "homicide": 16465,
      "rape_legacy": 90750,
      "rape_revised": null,
      "robbery": 443563,
      "aggravated_assault": 843683,
      "property_crime": 9774152,
      "burglary": 2228887,
      "larceny": 6586206,
      "motor_vehicle_theft": 959059,
      "arson": 65804
    },
    {
      "state_id": null,
      "state_abbr": "",
      "year": 2009,
      "population": 307006550,
      "violent_crime": 1325896,
      "homicide": 15399,
      "rape_legacy": 89241,
      "rape_revised": null,
      "robbery": 408742,
      "aggravated_assault": 812514,
      "property_crime": 9337060,
      "burglary": 2203313,
      "larceny": 6338095,
      "motor_vehicle_theft": 795652,
      "arson": 59876
    },
    {
      "state_id": null,
      "state_abbr": "",
      "year": 2010,
      "population": 309330219,
      "violent_crime": 1251248,
      "homicide": 14722,
      "rape_legacy": 85593,
      "rape_revised": null,
      "robbery": 369089,
      "aggravated_assault": 781844,
      "property_crime": 9112625,
      "burglary": 2168459,
      "larceny": 6204601,
      "motor_vehicle_theft": 739565,
      "arson": 56005
    },
    {
      "state_id": null,
      "state_abbr": "",
      "year": 2011,
      "population": 311587816,
      "violent_crime": 1206031,
      "homicide": 14661,
      "rape_legacy": 84175,
      "rape_revised": null,
      "robbery": 354772,
      "aggravated_assault": 752423,
      "property_crime": 9052743,
      "burglary": 2185140,
      "larceny": 6151095,
      "motor_vehicle_theft": 716508,
      "arson": 54565
    },
    {
      "state_id": null,
      "state_abbr": null,
      "year": 2017,
      "population": 325147121,
      "violent_crime": 1283875,
      "homicide": 17294,
      "rape_legacy": null,
      "rape_revised": 135666,
      "robbery": 320596,
      "aggravated_assault": 810319,
      "property_crime": 7682988,
      "burglary": 1397045,
      "larceny": 5513000,
      "motor_vehicle_theft": 772943,
      "arson": 42990
    },
    {
      "state_id": null,
      "state_abbr": "",
      "year": 2012,
      "population": 313873685,
      "violent_crime": 1217057,
      "homicide": 14856,
      "rape_legacy": 85141,
      "rape_revised": null,
      "robbery": 355051,
      "aggravated_assault": 762009,
      "property_crime": 9001992,
      "burglary": 2109932,
      "larceny": 6168874,
      "motor_vehicle_theft": 723186,
      "arson": 55394
    },
    {
      "state_id": null,
      "state_abbr": "",
      "year": 2013,
      "population": 316497531,
      "violent_crime": 1168298,
      "homicide": 14319,
      "rape_legacy": 82109,
      "rape_revised": 113695,
      "robbery": 345093,
      "aggravated_assault": 726777,
      "property_crime": 8651892,
      "burglary": 1932139,
      "larceny": 6019465,
      "motor_vehicle_theft": 700288,
      "arson": 47267
    },
    {
      "state_id": null,
      "state_abbr": "",
      "year": 2014,
      "population": 318907401,
      "violent_crime": 1153022,
      "homicide": 14164,
      "rape_legacy": 84864,
      "rape_revised": 118027,
      "robbery": 322905,
      "aggravated_assault": 731089,
      "property_crime": 8209010,
      "burglary": 1713153,
      "larceny": 5809054,
      "motor_vehicle_theft": 686803,
      "arson": 46282
    },
    {
      "state_id": null,
      "state_abbr": "",
      "year": 1995,
      "population": 262803276,
      "violent_crime": 1798792,
      "homicide": 21606,
      "rape_legacy": 97470,
      "rape_revised": null,
      "robbery": 580509,
      "aggravated_assault": 1099207,
      "property_crime": 12063935,
      "burglary": 2593784,
      "larceny": 7997710,
      "motor_vehicle_theft": 1472441,
      "arson": 96547
    },
    {
      "state_id": null,
      "state_abbr": "",
      "year": 1996,
      "population": 265228572,
      "violent_crime": 1688540,
      "homicide": 19645,
      "rape_legacy": 96252,
      "rape_revised": null,
      "robbery": 535594,
      "aggravated_assault": 1037049,
      "property_crime": 11805323,
      "burglary": 2506400,
      "larceny": 7904685,
      "motor_vehicle_theft": 1394238,
      "arson": 91719
    },
    {
      "state_id": null,
      "state_abbr": "",
      "year": 2016,
      "population": 323405935,
      "violent_crime": 1285606,
      "homicide": 17413,
      "rape_legacy": 96970,
      "rape_revised": 132414,
      "robbery": 332797,
      "aggravated_assault": 802982,
      "property_crime": 7928530,
      "burglary": 1516405,
      "larceny": 5644835,
      "motor_vehicle_theft": 767290,
      "arson": 45927
    },
    {
      "state_id": null,
      "state_abbr": null,
      "year": 2018,
      "population": 326687501,
      "violent_crime": 1252399,
      "homicide": 16374,
      "rape_legacy": null,
      "rape_revised": 143765,
      "robbery": 281278,
      "aggravated_assault": 810982,
      "property_crime": 7219084,
      "burglary": 1235013,
      "larceny": 5232167,
      "motor_vehicle_theft": 751904,
      "arson": 39367
    },
    {
      "state_id": null,
      "state_abbr": null,
      "year": 2019,
      "population": 328329953,
      "violent_crime": 1250393,
      "homicide": 16669,
      "rape_legacy": null,
      "rape_revised": 143224,
      "robbery": 268483,
      "aggravated_assault": 822017,
      "property_crime": 6995235,
      "burglary": 1118096,
      "larceny": 5152267,
      "motor_vehicle_theft": 724872,
      "arson": 35919
    },
    {
      "state_id": null,
      "state_abbr": null,
      "year": 2020,
      "population": 329484123,
      "violent_crime": 1313105,
      "homicide": 21570,
      "rape_legacy": null,
      "rape_revised": 126430,
      "robbery": 243600,
      "aggravated_assault": 921505,
      "property_crime": 6452038,
      "burglary": 1035314,
      "larceny": 4606324,
      "motor_vehicle_theft": 810400,
      "arson": 43602
    }
  ],
  "pagination": {
    "count": 26,
    "page": 0,
    "pages": 1,
    "per_page": 0
  }
}